STRAIN,READ,PAIR1_CHR,PAIR1_POSITION,PAIR2_CHR,PAIR2_POSITION
ctl3.C9L1,NS500537:44:HWF7VBGXX:4:13401:4320:3418,Supercontig_1.6,485746,Supercontig_1.6,509037
ctl1.AL1B,NS500537:44:HWF7VBGXX:4:23404:13780:15011,Supercontig_1.6,486936,Supercontig_1.5,1401074
B20.1311A,NS500537:44:HWF7VBGXX:3:13507:20879:4652,Supercontig_1.6,485948,Supercontig_1.5,164901
A19.S3B,NS500350:127:H7FHLBGXX:1:11206:22990:13399,Supercontig_1.6,485889,Supercontig_1.7,360
A19.S3B,NS500350:130:H7FJNBGXX:1:21108:5971:13864,Supercontig_1.6,485889,Supercontig_1.5,441
A19.S3B,NS500350:130:H7FJNBGXX:3:12601:2970:12743,Supercontig_1.6,485889,Supercontig_1.7,779816
A19.S3B,NS500350:127:H7FHLBGXX:1:11106:13516:4812,Supercontig_1.6,485889,Supercontig_1.5,223
A19.S3B,NS500350:127:H7FHLBGXX:1:11203:1321:18551,Supercontig_1.6,485889,Supercontig_1.7,779540
A19.S3B,NS500350:127:H7FHLBGXX:1:11204:26742:18551,Supercontig_1.6,485889,Supercontig_1.5,350
A19.S3B,NS500350:127:H7FHLBGXX:1:11206:22990:13399,Supercontig_1.6,485889,Supercontig_1.7,360
A19.S3B,NS500350:127:H7FHLBGXX:1:13308:3510:9499,Supercontig_1.6,485889,Supercontig_1.5,217
A19.S3B,NS500350:127:H7FHLBGXX:1:22105:14167:14314,Supercontig_1.6,485889,Supercontig_1.7,779799
A19.S3B,NS500350:127:H7FHLBGXX:1:23309:7590:5136,Supercontig_1.6,485889,Supercontig_1.5,388
A19.S3B,NS500350:127:H7FHLBGXX:1:23311:20753:4029,Supercontig_1.6,485889,Supercontig_1.7,140
A19.S3B,NS500350:127:H7FHLBGXX:2:11302:5372:14090,Supercontig_1.6,485889,Supercontig_1.5,270
A19.S3B,NS500350:127:H7FHLBGXX:2:13206:16702:6303,Supercontig_1.6,485889,Supercontig_1.3,1873921
A19.S3B,NS500350:127:H7FHLBGXX:2:21204:18689:19231,Supercontig_1.6,485889,Supercontig_1.7,779418
A19.S3B,NS500350:127:H7FHLBGXX:2:22112:15240:13771,Supercontig_1.6,485889,Supercontig_1.7,779493
A19.S3B,NS500350:127:H7FHLBGXX:2:22205:7836:14152,Supercontig_1.6,485889,Supercontig_1.7,779799
A19.S3B,NS500350:127:H7FHLBGXX:3:13606:14176:20048,Supercontig_1.6,485889,Supercontig_1.2,134
A19.S3B,NS500350:127:H7FHLBGXX:3:21406:8292:9513,Supercontig_1.6,485889,Supercontig_1.5,58
A19.S3B,NS500350:127:H7FHLBGXX:4:11507:16030:8282,Supercontig_1.6,485889,Supercontig_1.4,1787598
A19.S3B,NS500350:127:H7FHLBGXX:4:12408:21737:13085,Supercontig_1.6,485889,Supercontig_1.2,134
A19.S3B,NS500350:127:H7FHLBGXX:4:12511:3449:10699,Supercontig_1.6,485889,Supercontig_1.7,779488
A19.S3B,NS500350:127:H7FHLBGXX:4:13504:9139:3769,Supercontig_1.6,485889,Supercontig_1.3,1873725
A19.S3B,NS500350:127:H7FHLBGXX:4:21404:12909:5034,Supercontig_1.6,485889,Supercontig_1.5,311
A19.S3B,NS500350:127:H7FHLBGXX:4:21407:2606:18266,Supercontig_1.6,485889,Supercontig_1.3,1873819
A19.S3B,NS500350:127:H7FHLBGXX:4:21511:10806:12598,Supercontig_1.6,485889,Supercontig_1.3,1873918
A19.S3B,NS500350:127:H7FHLBGXX:4:22501:20803:4911,Supercontig_1.6,485889,Supercontig_1.5,249
A19.S3B,NS500350:127:H7FHLBGXX:4:22601:4412:18237,Supercontig_1.6,485889,Supercontig_1.7,779493
A19.S3B,NS500350:127:H7FHLBGXX:4:23504:25432:9035,Supercontig_1.6,485889,Supercontig_1.7,345
A19.S3B,NS500350:130:H7FJNBGXX:1:11105:10499:12551,Supercontig_1.6,485889,Supercontig_1.7,779673
A19.S3B,NS500350:130:H7FJNBGXX:1:11106:16960:1175,Supercontig_1.6,485889,Supercontig_1.2,125
A19.S3B,NS500350:130:H7FJNBGXX:1:11112:1896:19024,Supercontig_1.6,485889,Supercontig_1.7,779546
A19.S3B,NS500350:130:H7FJNBGXX:1:12101:1145:5341,Supercontig_1.6,485889,Supercontig_1.7,523
A19.S3B,NS500350:130:H7FJNBGXX:1:12105:11642:19036,Supercontig_1.6,485889,Supercontig_1.3,1873665
A19.S3B,NS500350:130:H7FJNBGXX:1:13203:9971:12813,Supercontig_1.6,485889,Supercontig_1.5,336
A19.S3B,NS500350:130:H7FJNBGXX:1:21108:5971:13864,Supercontig_1.6,485889,Supercontig_1.5,442
A19.S3B,NS500350:130:H7FJNBGXX:1:21306:6249:19080,Supercontig_1.6,485889,Supercontig_1.5,407
A19.S3B,NS500350:130:H7FJNBGXX:1:22107:26034:15430,Supercontig_1.6,485889,Supercontig_1.5,442
A19.S3B,NS500350:130:H7FJNBGXX:1:22208:21812:14072,Supercontig_1.6,485889,Supercontig_1.4,1787730
A19.S3B,NS500350:130:H7FJNBGXX:1:22302:23568:5245,Supercontig_1.6,485889,Supercontig_1.5,333
A19.S3B,NS500350:130:H7FJNBGXX:1:23211:8817:13831,Supercontig_1.6,485889,Supercontig_1.7,779799
A19.S3B,NS500350:130:H7FJNBGXX:1:23309:10739:15770,Supercontig_1.6,485889,Supercontig_1.5,364
A19.S3B,NS500350:130:H7FJNBGXX:2:11110:13651:4892,Supercontig_1.6,485889,Supercontig_1.7,779799
A19.S3B,NS500350:130:H7FJNBGXX:2:11209:20640:14855,Supercontig_1.6,485889,Supercontig_1.3,1873650
A19.S3B,NS500350:130:H7FJNBGXX:2:11308:21831:13293,Supercontig_1.6,485889,Supercontig_1.7,779799
A19.S3B,NS500350:130:H7FJNBGXX:2:12104:18864:6661,Supercontig_1.6,485889,Supercontig_1.3,1873933
A19.S3B,NS500350:130:H7FJNBGXX:2:13209:7833:13022,Supercontig_1.6,485889,Supercontig_1.5,341
A19.S3B,NS500350:130:H7FJNBGXX:2:22109:16643:7875,Supercontig_1.6,485889,Supercontig_1.3,1873832
A19.S3B,NS500350:130:H7FJNBGXX:2:22212:4276:15097,Supercontig_1.6,485889,Supercontig_1.7,779799
A19.S3B,NS500350:130:H7FJNBGXX:2:23108:4344:12432,Supercontig_1.6,485889,Supercontig_1.7,779599
A19.S3B,NS500350:130:H7FJNBGXX:3:11612:10256:1709,Supercontig_1.6,485889,Supercontig_1.7,779799
A19.S3B,NS500350:130:H7FJNBGXX:3:12412:24052:5584,Supercontig_1.6,485889,Supercontig_1.2,146
A19.S3B,NS500350:130:H7FJNBGXX:3:12504:17952:11430,Supercontig_1.6,485889,Supercontig_1.3,1873646
A19.S3B,NS500350:130:H7FJNBGXX:3:12512:13665:16236,Supercontig_1.6,485889,Supercontig_1.7,779603
A19.S3B,NS500350:130:H7FJNBGXX:3:12601:2970:12743,Supercontig_1.6,485889,Supercontig_1.7,369
A19.S3B,NS500350:130:H7FJNBGXX:3:13407:22921:15206,Supercontig_1.6,485889,Supercontig_1.3,1873858
A19.S3B,NS500350:130:H7FJNBGXX:3:13609:4049:11273,Supercontig_1.6,485889,Supercontig_1.3,1873646
A19.S3B,NS500350:130:H7FJNBGXX:3:21504:5173:3365,Supercontig_1.6,485889,Supercontig_1.4,1787422
A19.S3B,NS500350:130:H7FJNBGXX:3:21605:14865:15441,Supercontig_1.6,485889,Supercontig_1.7,779450
A19.S3B,NS500350:130:H7FJNBGXX:3:21606:6160:20030,Supercontig_1.6,485889,Supercontig_1.3,1873876
A19.S3B,NS500350:130:H7FJNBGXX:3:21611:23102:7048,Supercontig_1.6,485889,Supercontig_1.7,27
A19.S3B,NS500350:130:H7FJNBGXX:4:11411:7641:15418,Supercontig_1.6,485889,Supercontig_1.4,1787410
A19.S3B,NS500350:130:H7FJNBGXX:4:11611:23111:7008,Supercontig_1.6,485889,Supercontig_1.5,386
A19.S3B,NS500350:130:H7FJNBGXX:4:12402:20044:19579,Supercontig_1.6,485889,Supercontig_1.7,779470
A19.S3B,NS500350:130:H7FJNBGXX:4:12603:12966:1233,Supercontig_1.6,485889,Supercontig_1.5,259
A19.S3B,NS500350:130:H7FJNBGXX:4:13408:21766:6268,Supercontig_1.6,485889,Supercontig_1.4,1787446
A19.S3B,NS500350:130:H7FJNBGXX:4:22511:25339:8778,Supercontig_1.6,485889,Supercontig_1.5,211
A19.S3B,NS500350:130:H7FJNBGXX:4:22611:11773:11615,Supercontig_1.6,485889,Supercontig_1.7,779465
A19.S3B,NS500350:130:H7FJNBGXX:4:23406:22344:11465,Supercontig_1.6,485889,Supercontig_1.3,1873825
A19.S3B,NS500350:130:H7FJNBGXX:4:23610:1481:6863,Supercontig_1.6,485889,Supercontig_1.2,483
A19.S3B,NS500350:130:H7FJNBGXX:4:23610:1583:10164,Supercontig_1.6,485889,Supercontig_1.3,1873942
B26.131A,NS500537:44:HWF7VBGXX:4:12406:26061:7800,Supercontig_1.6,485275,Supercontig_1.4,50980
B26.131A,NS500537:44:HWF7VBGXX:1:21103:2749:11869,Supercontig_1.6,485431,Supercontig_1.6,718723
B26.131A,NS500537:44:HWF7VBGXX:2:13209:3125:15976,Supercontig_1.6,485431,Supercontig_1.6,718724
B26.131A,NS500537:44:HWF7VBGXX:3:21401:23984:7390,Supercontig_1.6,485431,Supercontig_1.6,718728
B26.131A,NS500537:44:HWF7VBGXX:3:23409:2008:6985,Supercontig_1.6,485431,Supercontig_1.6,718717
B26.131A,NS500537:44:HWF7VBGXX:4:23604:6902:3349,Supercontig_1.6,485431,Supercontig_1.6,718726
B26.131A,NS500537:44:HWF7VBGXX:1:11110:23351:2236,Supercontig_1.6,485431,Supercontig_1.6,718319
B26.131A,NS500537:44:HWF7VBGXX:1:11210:6137:17899,Supercontig_1.6,485431,Supercontig_1.6,718624
B26.131A,NS500537:44:HWF7VBGXX:1:12206:7095:16140,Supercontig_1.6,485431,Supercontig_1.6,718612
B26.131A,NS500537:44:HWF7VBGXX:1:12207:7943:1568,Supercontig_1.6,485431,Supercontig_1.6,718719
B26.131A,NS500537:44:HWF7VBGXX:1:12209:10295:4619,Supercontig_1.6,485431,Supercontig_1.6,718492
B26.131A,NS500537:44:HWF7VBGXX:1:12211:10063:4346,Supercontig_1.6,485431,Supercontig_1.6,718667
B26.131A,NS500537:44:HWF7VBGXX:1:13101:3945:18576,Supercontig_1.6,485431,Supercontig_1.6,718466
B26.131A,NS500537:44:HWF7VBGXX:1:13102:3829:10316,Supercontig_1.6,485431,Supercontig_1.6,718622
B26.131A,NS500537:44:HWF7VBGXX:1:13112:13681:5770,Supercontig_1.6,485431,Supercontig_1.6,718668
B26.131A,NS500537:44:HWF7VBGXX:1:13205:22186:6608,Supercontig_1.6,485431,Supercontig_1.6,718503
B26.131A,NS500537:44:HWF7VBGXX:1:21101:24911:12069,Supercontig_1.6,485431,Supercontig_1.6,718684
B26.131A,NS500537:44:HWF7VBGXX:1:21103:2749:11869,Supercontig_1.6,485431,Supercontig_1.6,718724
B26.131A,NS500537:44:HWF7VBGXX:1:21105:18252:13719,Supercontig_1.6,485431,Supercontig_1.6,718558
B26.131A,NS500537:44:HWF7VBGXX:1:21202:23789:13544,Supercontig_1.6,485431,Supercontig_1.6,718691
B26.131A,NS500537:44:HWF7VBGXX:1:21212:17020:18250,Supercontig_1.6,485431,Supercontig_1.6,718533
B26.131A,NS500537:44:HWF7VBGXX:1:21305:23148:2208,Supercontig_1.6,485431,Supercontig_1.6,718556
B26.131A,NS500537:44:HWF7VBGXX:1:22101:1477:11829,Supercontig_1.6,485431,Supercontig_1.6,718555
B26.131A,NS500537:44:HWF7VBGXX:1:22102:2391:7416,Supercontig_1.6,485431,Supercontig_1.6,718533
B26.131A,NS500537:44:HWF7VBGXX:1:22108:3289:11058,Supercontig_1.6,485431,Supercontig_1.6,718655
B26.131A,NS500537:44:HWF7VBGXX:1:22305:22263:10279,Supercontig_1.6,485431,Supercontig_1.6,718667
B26.131A,NS500537:44:HWF7VBGXX:1:22310:18045:14053,Supercontig_1.6,485431,Supercontig_1.6,718653
B26.131A,NS500537:44:HWF7VBGXX:1:22310:1869:17384,Supercontig_1.6,485431,Supercontig_1.6,718551
B26.131A,NS500537:44:HWF7VBGXX:1:23205:6188:9730,Supercontig_1.6,485431,Supercontig_1.6,718653
B26.131A,NS500537:44:HWF7VBGXX:1:23309:17871:1265,Supercontig_1.6,485431,Supercontig_1.6,718652
B26.131A,NS500537:44:HWF7VBGXX:2:11101:18080:11240,Supercontig_1.6,485431,Supercontig_1.6,718504
B26.131A,NS500537:44:HWF7VBGXX:2:11103:17836:8712,Supercontig_1.6,485431,Supercontig_1.6,718642
B26.131A,NS500537:44:HWF7VBGXX:2:11103:5526:14889,Supercontig_1.6,485431,Supercontig_1.6,718649
B26.131A,NS500537:44:HWF7VBGXX:2:11105:26580:6391,Supercontig_1.6,485431,Supercontig_1.6,718677
B26.131A,NS500537:44:HWF7VBGXX:2:11203:20616:8609,Supercontig_1.6,485431,Supercontig_1.6,718623
B26.131A,NS500537:44:HWF7VBGXX:2:11302:20498:1423,Supercontig_1.6,485431,Supercontig_1.6,718577
B26.131A,NS500537:44:HWF7VBGXX:2:11310:9412:20078,Supercontig_1.6,485431,Supercontig_1.6,718655
B26.131A,NS500537:44:HWF7VBGXX:2:11312:8337:13151,Supercontig_1.6,485431,Supercontig_1.6,718580
B26.131A,NS500537:44:HWF7VBGXX:2:12112:9309:7294,Supercontig_1.6,485431,Supercontig_1.6,718552
B26.131A,NS500537:44:HWF7VBGXX:2:12204:13705:13691,Supercontig_1.6,485431,Supercontig_1.6,718547
B26.131A,NS500537:44:HWF7VBGXX:2:12206:13741:13164,Supercontig_1.6,485431,Supercontig_1.6,718573
B26.131A,NS500537:44:HWF7VBGXX:2:12301:23041:1550,Supercontig_1.6,485431,Supercontig_1.6,718677
B26.131A,NS500537:44:HWF7VBGXX:2:12310:13955:17149,Supercontig_1.6,485431,Supercontig_1.6,718521
B26.131A,NS500537:44:HWF7VBGXX:2:13106:10475:1460,Supercontig_1.6,485431,Supercontig_1.6,718574
B26.131A,NS500537:44:HWF7VBGXX:2:13107:1591:2911,Supercontig_1.6,485431,Supercontig_1.6,718694
B26.131A,NS500537:44:HWF7VBGXX:2:13109:17207:4940,Supercontig_1.6,485431,Supercontig_1.6,718559
B26.131A,NS500537:44:HWF7VBGXX:2:13208:21153:16319,Supercontig_1.6,485431,Supercontig_1.6,718563
B26.131A,NS500537:44:HWF7VBGXX:2:13209:3125:15976,Supercontig_1.6,485431,Supercontig_1.6,718690
B26.131A,NS500537:44:HWF7VBGXX:2:21204:25358:15385,Supercontig_1.6,485431,Supercontig_1.6,718478
B26.131A,NS500537:44:HWF7VBGXX:2:22112:12926:11185,Supercontig_1.6,485431,Supercontig_1.6,718712
B26.131A,NS500537:44:HWF7VBGXX:2:22302:18568:7467,Supercontig_1.6,485431,Supercontig_1.6,718615
B26.131A,NS500537:44:HWF7VBGXX:2:22308:8068:19756,Supercontig_1.6,485431,Supercontig_1.6,718533
B26.131A,NS500537:44:HWF7VBGXX:2:22311:8371:13911,Supercontig_1.6,485431,Supercontig_1.6,718667
B26.131A,NS500537:44:HWF7VBGXX:2:23205:19598:5725,Supercontig_1.6,485431,Supercontig_1.6,718604
B26.131A,NS500537:44:HWF7VBGXX:2:23311:2085:11740,Supercontig_1.6,485431,Supercontig_1.6,718622
B26.131A,NS500537:44:HWF7VBGXX:2:23312:10136:10457,Supercontig_1.6,485431,Supercontig_1.6,718521
B26.131A,NS500537:44:HWF7VBGXX:3:11405:19050:3254,Supercontig_1.6,485431,Supercontig_1.6,718582
B26.131A,NS500537:44:HWF7VBGXX:3:11411:9016:4348,Supercontig_1.6,485431,Supercontig_1.6,718666
B26.131A,NS500537:44:HWF7VBGXX:3:11502:18769:16549,Supercontig_1.6,485431,Supercontig_1.6,718667
B26.131A,NS500537:44:HWF7VBGXX:3:11505:9172:12166,Supercontig_1.6,485431,Supercontig_1.6,718697
B26.131A,NS500537:44:HWF7VBGXX:3:12404:19330:9979,Supercontig_1.6,485431,Supercontig_1.6,718632
B26.131A,NS500537:44:HWF7VBGXX:3:12412:21977:7690,Supercontig_1.6,485431,Supercontig_1.6,718541
B26.131A,NS500537:44:HWF7VBGXX:3:12501:21793:13833,Supercontig_1.6,485431,Supercontig_1.6,718523
B26.131A,NS500537:44:HWF7VBGXX:3:12510:24201:7429,Supercontig_1.6,485431,Supercontig_1.6,718563
B26.131A,NS500537:44:HWF7VBGXX:3:12602:3540:15028,Supercontig_1.6,485431,Supercontig_1.6,718668
B26.131A,NS500537:44:HWF7VBGXX:3:12607:17655:2634,Supercontig_1.6,485431,Supercontig_1.6,718555
B26.131A,NS500537:44:HWF7VBGXX:3:13504:5016:10582,Supercontig_1.6,485431,Supercontig_1.6,718657
B26.131A,NS500537:44:HWF7VBGXX:3:13508:19944:13386,Supercontig_1.6,485431,Supercontig_1.6,718509
B26.131A,NS500537:44:HWF7VBGXX:3:13512:16486:14806,Supercontig_1.6,485431,Supercontig_1.6,718379
B26.131A,NS500537:44:HWF7VBGXX:3:13611:15512:19224,Supercontig_1.6,485431,Supercontig_1.6,718660
B26.131A,NS500537:44:HWF7VBGXX:3:21401:14164:17231,Supercontig_1.6,485431,Supercontig_1.6,718618
B26.131A,NS500537:44:HWF7VBGXX:3:21401:23984:7390,Supercontig_1.6,485431,Supercontig_1.6,718728
B26.131A,NS500537:44:HWF7VBGXX:3:21403:2978:7783,Supercontig_1.6,485431,Supercontig_1.6,718654
B26.131A,NS500537:44:HWF7VBGXX:3:21409:7810:13741,Supercontig_1.6,485431,Supercontig_1.6,718563
B26.131A,NS500537:44:HWF7VBGXX:3:21505:25149:5043,Supercontig_1.6,485431,Supercontig_1.6,718564
B26.131A,NS500537:44:HWF7VBGXX:3:21507:26200:5192,Supercontig_1.6,485431,Supercontig_1.6,718555
B26.131A,NS500537:44:HWF7VBGXX:3:21603:21746:14955,Supercontig_1.6,485431,Supercontig_1.6,718711
B26.131A,NS500537:44:HWF7VBGXX:3:21611:23695:10548,Supercontig_1.6,485431,Supercontig_1.6,718587
B26.131A,NS500537:44:HWF7VBGXX:3:21612:16349:4033,Supercontig_1.6,485431,Supercontig_1.6,718555
B26.131A,NS500537:44:HWF7VBGXX:3:22505:17612:18492,Supercontig_1.6,485431,Supercontig_1.6,718472
B26.131A,NS500537:44:HWF7VBGXX:3:22508:22208:5677,Supercontig_1.6,485431,Supercontig_1.6,718650
B26.131A,NS500537:44:HWF7VBGXX:3:22509:26834:2401,Supercontig_1.6,485431,Supercontig_1.6,718568
B26.131A,NS500537:44:HWF7VBGXX:3:22510:1372:2382,Supercontig_1.6,485431,Supercontig_1.6,718568
B26.131A,NS500537:44:HWF7VBGXX:3:23409:2008:6985,Supercontig_1.6,485431,Supercontig_1.6,718691
B26.131A,NS500537:44:HWF7VBGXX:4:11405:10339:14606,Supercontig_1.6,485431,Supercontig_1.6,718580
B26.131A,NS500537:44:HWF7VBGXX:4:11405:26488:18187,Supercontig_1.6,485431,Supercontig_1.6,718622
B26.131A,NS500537:44:HWF7VBGXX:4:11406:1113:18169,Supercontig_1.6,485431,Supercontig_1.6,718622
B26.131A,NS500537:44:HWF7VBGXX:4:11411:8822:19451,Supercontig_1.6,485431,Supercontig_1.6,718511
B26.131A,NS500537:44:HWF7VBGXX:4:11502:21513:2622,Supercontig_1.6,485431,Supercontig_1.6,718701
B26.131A,NS500537:44:HWF7VBGXX:4:12410:8164:19240,Supercontig_1.6,485431,Supercontig_1.6,718669
B26.131A,NS500537:44:HWF7VBGXX:4:13401:5522:3870,Supercontig_1.6,485431,Supercontig_1.6,718462
B26.131A,NS500537:44:HWF7VBGXX:4:13408:25817:12820,Supercontig_1.6,485431,Supercontig_1.6,718566
B26.131A,NS500537:44:HWF7VBGXX:4:13507:6045:18471,Supercontig_1.6,485431,Supercontig_1.6,718636
B26.131A,NS500537:44:HWF7VBGXX:4:13607:26485:14946,Supercontig_1.6,485431,Supercontig_1.6,718612
B26.131A,NS500537:44:HWF7VBGXX:4:13608:1055:14926,Supercontig_1.6,485431,Supercontig_1.6,718612
B26.131A,NS500537:44:HWF7VBGXX:4:21404:11587:9425,Supercontig_1.6,485431,Supercontig_1.6,718613
B26.131A,NS500537:44:HWF7VBGXX:4:21408:16281:15009,Supercontig_1.6,485431,Supercontig_1.6,718639
B26.131A,NS500537:44:HWF7VBGXX:4:21408:3740:18747,Supercontig_1.6,485431,Supercontig_1.6,718364
B26.131A,NS500537:44:HWF7VBGXX:4:21503:16593:18496,Supercontig_1.6,485431,Supercontig_1.6,718487
B26.131A,NS500537:44:HWF7VBGXX:4:21504:8080:1187,Supercontig_1.6,485431,Supercontig_1.6,718629
B26.131A,NS500537:44:HWF7VBGXX:4:22401:16162:13596,Supercontig_1.6,485431,Supercontig_1.6,718511
B26.131A,NS500537:44:HWF7VBGXX:4:22403:11281:14845,Supercontig_1.6,485431,Supercontig_1.6,718612
B26.131A,NS500537:44:HWF7VBGXX:4:22407:19235:14716,Supercontig_1.6,485431,Supercontig_1.6,718567
B26.131A,NS500537:44:HWF7VBGXX:4:22610:14562:6520,Supercontig_1.6,485431,Supercontig_1.6,718612
B26.131A,NS500537:44:HWF7VBGXX:4:23401:24652:17641,Supercontig_1.6,485431,Supercontig_1.6,718672
B26.131A,NS500537:44:HWF7VBGXX:4:23402:23791:12771,Supercontig_1.6,485431,Supercontig_1.6,718555
B26.131A,NS500537:44:HWF7VBGXX:4:23406:17025:12783,Supercontig_1.6,485431,Supercontig_1.6,718636
B26.131A,NS500537:44:HWF7VBGXX:4:23407:4979:10106,Supercontig_1.6,485431,Supercontig_1.6,718580
B26.131A,NS500537:44:HWF7VBGXX:4:23503:3268:11023,Supercontig_1.6,485431,Supercontig_1.6,718586
B26.131A,NS500537:44:HWF7VBGXX:4:23604:6902:3349,Supercontig_1.6,485431,Supercontig_1.6,718703
B26.131A,NS500537:44:HWF7VBGXX:3:23407:22078:20124,Supercontig_1.6,485432,Supercontig_1.6,718556
B26.131A,NS500537:44:HWF7VBGXX:2:13205:6425:14776,Supercontig_1.6,485976,Supercontig_1.1,1600551
B26.131A,NS500537:44:HWF7VBGXX:1:23304:16155:7914,Supercontig_1.6,486485,Supercontig_1.4,279460
A15.L4G,NS500350:127:H7FHLBGXX:1:11203:21220:19671,Supercontig_1.6,485889,Supercontig_1.7,336
A15.L4G,NS500350:127:H7FHLBGXX:1:11307:19380:18263,Supercontig_1.6,485889,Supercontig_1.5,355
A15.L4G,NS500350:127:H7FHLBGXX:1:13105:19114:10288,Supercontig_1.6,485889,Supercontig_1.5,141
A15.L4G,NS500350:127:H7FHLBGXX:1:13107:12808:5320,Supercontig_1.6,485889,Supercontig_1.3,1873921
A15.L4G,NS500350:127:H7FHLBGXX:1:13110:19682:2383,Supercontig_1.6,485889,Supercontig_1.7,779799
A15.L4G,NS500350:127:H7FHLBGXX:1:13301:16854:14685,Supercontig_1.6,485889,Supercontig_1.2,166
A15.L4G,NS500350:127:H7FHLBGXX:1:13305:16258:6334,Supercontig_1.6,485889,Supercontig_1.7,779451
A15.L4G,NS500350:127:H7FHLBGXX:1:21206:17386:14082,Supercontig_1.6,485889,Supercontig_1.5,165
A15.L4G,NS500350:127:H7FHLBGXX:1:23103:19677:2009,Supercontig_1.6,485889,Supercontig_1.7,779420
A15.L4G,NS500350:127:H7FHLBGXX:1:23306:4855:10295,Supercontig_1.6,485889,Supercontig_1.5,301
A15.L4G,NS500350:127:H7FHLBGXX:2:11101:2743:13513,Supercontig_1.6,485889,Supercontig_1.2,488
A15.L4G,NS500350:127:H7FHLBGXX:2:11106:19748:16154,Supercontig_1.6,485889,Supercontig_1.5,435
A15.L4G,NS500350:127:H7FHLBGXX:2:11202:15084:2279,Supercontig_1.6,485889,Supercontig_1.7,95
A15.L4G,NS500350:127:H7FHLBGXX:2:11205:26361:5146,Supercontig_1.6,485889,Supercontig_1.7,779799
A15.L4G,NS500350:127:H7FHLBGXX:2:11302:26241:8072,Supercontig_1.6,485889,Supercontig_1.7,527
A15.L4G,NS500350:127:H7FHLBGXX:2:12107:8625:7990,Supercontig_1.6,485889,Supercontig_1.7,779430
A15.L4G,NS500350:127:H7FHLBGXX:2:12304:17522:15582,Supercontig_1.6,485889,Supercontig_1.7,779671
A15.L4G,NS500350:127:H7FHLBGXX:2:13304:9931:15021,Supercontig_1.6,485889,Supercontig_1.4,1787486
A15.L4G,NS500350:127:H7FHLBGXX:2:21102:25848:10419,Supercontig_1.6,485889,Supercontig_1.5,256
A15.L4G,NS500350:127:H7FHLBGXX:2:22209:10027:15183,Supercontig_1.6,485889,Supercontig_1.7,779421
A15.L4G,NS500350:127:H7FHLBGXX:2:23106:2953:16243,Supercontig_1.6,485889,Supercontig_1.5,269
A15.L4G,NS500350:127:H7FHLBGXX:3:12506:6929:11868,Supercontig_1.6,485889,Supercontig_1.5,54
A15.L4G,NS500350:127:H7FHLBGXX:3:12604:7948:11170,Supercontig_1.6,485889,Supercontig_1.5,358
A15.L4G,NS500350:127:H7FHLBGXX:3:12609:5602:5104,Supercontig_1.6,485889,Supercontig_1.7,157
A15.L4G,NS500350:127:H7FHLBGXX:3:13503:18233:6112,Supercontig_1.6,485889,Supercontig_1.7,779694
A15.L4G,NS500350:127:H7FHLBGXX:3:21407:9674:9524,Supercontig_1.6,485889,Supercontig_1.3,1873895
A15.L4G,NS500350:127:H7FHLBGXX:3:21411:21126:2758,Supercontig_1.6,485889,Supercontig_1.4,1787814
A15.L4G,NS500350:127:H7FHLBGXX:3:23605:24113:17928,Supercontig_1.6,485889,Supercontig_1.7,345
A15.L4G,NS500350:127:H7FHLBGXX:3:23607:3675:3645,Supercontig_1.6,485889,Supercontig_1.5,363
A15.L4G,NS500350:127:H7FHLBGXX:3:23612:24949:12518,Supercontig_1.6,485889,Supercontig_1.3,1873876
A15.L4G,NS500350:127:H7FHLBGXX:4:11603:3205:7600,Supercontig_1.6,485889,Supercontig_1.7,779575
A15.L4G,NS500350:127:H7FHLBGXX:4:12402:19021:14976,Supercontig_1.6,485889,Supercontig_1.2,186
A15.L4G,NS500350:127:H7FHLBGXX:4:12411:15618:17608,Supercontig_1.6,485889,Supercontig_1.3,1873671
A15.L4G,NS500350:127:H7FHLBGXX:4:12502:3012:16638,Supercontig_1.6,485889,Supercontig_1.5,482
A15.L4G,NS500350:127:H7FHLBGXX:4:12606:7121:6324,Supercontig_1.6,485889,Supercontig_1.7,96
A15.L4G,NS500350:127:H7FHLBGXX:4:13407:22176:15993,Supercontig_1.6,485889,Supercontig_1.5,387
A15.L4G,NS500350:127:H7FHLBGXX:4:13410:11169:19165,Supercontig_1.6,485889,Supercontig_1.2,159
A15.L4G,NS500350:127:H7FHLBGXX:4:13502:11274:6157,Supercontig_1.6,485889,Supercontig_1.4,1787286
A15.L4G,NS500350:127:H7FHLBGXX:4:21406:9408:8475,Supercontig_1.6,485889,Supercontig_1.5,400
A15.L4G,NS500350:127:H7FHLBGXX:4:21503:10507:13193,Supercontig_1.6,485889,Supercontig_1.4,1787306
A15.L4G,NS500350:127:H7FHLBGXX:4:22402:5023:7949,Supercontig_1.6,485889,Supercontig_1.3,1873816
A15.L4G,NS500350:127:H7FHLBGXX:4:22503:11679:16783,Supercontig_1.6,485889,Supercontig_1.7,779799
A15.L4G,NS500350:127:H7FHLBGXX:4:22510:5899:4113,Supercontig_1.6,485889,Supercontig_1.7,779639
A15.L4G,NS500350:127:H7FHLBGXX:4:23403:24501:11713,Supercontig_1.6,485889,Supercontig_1.7,779799
A15.L4G,NS500350:127:H7FHLBGXX:3:23605:11046:13302,Supercontig_1.6,485890,Supercontig_1.7,779685
A15.L4G,NS500350:127:H7FHLBGXX:2:12309:3319:17515,Supercontig_1.6,485894,Supercontig_1.7,124
C15.9U4s,NS500537:44:HWF7VBGXX:4:13403:14697:6230,Supercontig_1.6,486596,Supercontig_1.2,23570
A3.U3G,NS500350:127:H7FHLBGXX:1:11106:3082:9301,Supercontig_1.6,485889,Supercontig_1.4,1787286
A3.U3G,NS500350:127:H7FHLBGXX:1:11303:23069:3901,Supercontig_1.6,485889,Supercontig_1.4,1787731
A3.U3G,NS500350:127:H7FHLBGXX:1:12207:21379:17771,Supercontig_1.6,485889,Supercontig_1.3,1873622
A3.U3G,NS500350:127:H7FHLBGXX:1:21109:24630:9605,Supercontig_1.6,485889,Supercontig_1.7,779535
A3.U3G,NS500350:127:H7FHLBGXX:1:21209:10081:17523,Supercontig_1.6,485889,Supercontig_1.5,288
A3.U3G,NS500350:127:H7FHLBGXX:1:22304:17032:15893,Supercontig_1.6,485889,Supercontig_1.7,779652
A3.U3G,NS500350:127:H7FHLBGXX:1:23105:25104:11290,Supercontig_1.6,485889,Supercontig_1.3,1873900
A3.U3G,NS500350:127:H7FHLBGXX:1:23208:13084:6354,Supercontig_1.6,485889,Supercontig_1.3,1873658
A3.U3G,NS500350:127:H7FHLBGXX:1:23212:22668:12523,Supercontig_1.6,485889,Supercontig_1.5,153
A3.U3G,NS500350:127:H7FHLBGXX:1:23311:11297:17349,Supercontig_1.6,485889,Supercontig_1.5,473
A3.U3G,NS500350:127:H7FHLBGXX:1:23311:4218:3221,Supercontig_1.6,485889,Supercontig_1.7,779799
A3.U3G,NS500350:127:H7FHLBGXX:2:11302:21860:19116,Supercontig_1.6,485889,Supercontig_1.2,126
A3.U3G,NS500350:127:H7FHLBGXX:2:13109:22381:5819,Supercontig_1.6,485889,Supercontig_1.5,458
A3.U3G,NS500350:127:H7FHLBGXX:2:21207:3874:15229,Supercontig_1.6,485889,Supercontig_1.2,479
A3.U3G,NS500350:127:H7FHLBGXX:2:22107:16726:8032,Supercontig_1.6,485889,Supercontig_1.7,779575
A3.U3G,NS500350:127:H7FHLBGXX:2:22211:1831:10449,Supercontig_1.6,485889,Supercontig_1.5,482
A3.U3G,NS500350:127:H7FHLBGXX:2:22307:12597:13887,Supercontig_1.6,485889,Supercontig_1.7,779673
A3.U3G,NS500350:127:H7FHLBGXX:2:23209:17600:9679,Supercontig_1.6,485889,Supercontig_1.4,1787419
A3.U3G,NS500350:127:H7FHLBGXX:3:13601:18195:7779,Supercontig_1.6,485889,Supercontig_1.3,1873828
A3.U3G,NS500350:127:H7FHLBGXX:3:13603:5594:16613,Supercontig_1.6,485889,Supercontig_1.4,1787731
A3.U3G,NS500350:127:H7FHLBGXX:3:22407:10346:13759,Supercontig_1.6,485889,Supercontig_1.2,509
A3.U3G,NS500350:127:H7FHLBGXX:3:22507:3454:5880,Supercontig_1.6,485889,Supercontig_1.5,364
A3.U3G,NS500350:127:H7FHLBGXX:3:23509:12818:6268,Supercontig_1.6,485889,Supercontig_1.7,779442
A3.U3G,NS500350:127:H7FHLBGXX:3:23609:6491:2931,Supercontig_1.6,485889,Supercontig_1.5,320
A3.U3G,NS500350:127:H7FHLBGXX:4:12405:19636:12950,Supercontig_1.6,485889,Supercontig_1.7,339
A3.U3G,NS500350:127:H7FHLBGXX:4:21402:13615:4458,Supercontig_1.6,485889,Supercontig_1.7,779799
A3.U3G,NS500350:127:H7FHLBGXX:4:21411:5660:2059,Supercontig_1.6,485889,Supercontig_1.3,1873837
A3.U3G,NS500350:127:H7FHLBGXX:4:22405:1229:13677,Supercontig_1.6,485889,Supercontig_1.4,1787473
A3.U3G,NS500350:127:H7FHLBGXX:4:22407:3349:5198,Supercontig_1.6,485889,Supercontig_1.7,336
A3.U3G,NS500350:127:H7FHLBGXX:4:22601:15044:3202,Supercontig_1.6,485889,Supercontig_1.7,347
A3.U3G,NS500350:127:H7FHLBGXX:4:23404:24559:13352,Supercontig_1.6,485889,Supercontig_1.5,241
A6.U5C,NS500350:127:H7FHLBGXX:2:13202:23849:17253,Supercontig_1.6,485561,Supercontig_1.6,530278
A22.UpperP,NS500350:127:H7FHLBGXX:1:22207:4714:9031,Supercontig_1.6,485888,Supercontig_1.4,1787301
A22.UpperP,NS500350:127:H7FHLBGXX:1:11206:17546:10332,Supercontig_1.6,485889,Supercontig_1.7,335
A22.UpperP,NS500350:127:H7FHLBGXX:1:12201:15796:7138,Supercontig_1.6,485889,Supercontig_1.4,1787423
A22.UpperP,NS500350:127:H7FHLBGXX:1:13108:23555:14106,Supercontig_1.6,485889,Supercontig_1.7,779799
A22.UpperP,NS500350:127:H7FHLBGXX:1:13108:3141:8088,Supercontig_1.6,485889,Supercontig_1.5,379
A22.UpperP,NS500350:127:H7FHLBGXX:1:21107:2114:11378,Supercontig_1.6,485889,Supercontig_1.7,547
A22.UpperP,NS500350:127:H7FHLBGXX:1:22207:4714:9031,Supercontig_1.6,485889,Supercontig_1.3,1873646
A22.UpperP,NS500350:127:H7FHLBGXX:1:22303:21778:18202,Supercontig_1.6,485889,Supercontig_1.3,1873858
A22.UpperP,NS500350:127:H7FHLBGXX:1:23212:12872:16112,Supercontig_1.6,485889,Supercontig_1.2,125
A22.UpperP,NS500350:127:H7FHLBGXX:1:23301:26656:3455,Supercontig_1.6,485889,Supercontig_1.5,396
A22.UpperP,NS500350:127:H7FHLBGXX:2:11103:11269:12511,Supercontig_1.6,485889,Supercontig_1.4,1787462
A22.UpperP,NS500350:127:H7FHLBGXX:2:11301:22813:8790,Supercontig_1.6,485889,Supercontig_1.3,1873788
A22.UpperP,NS500350:127:H7FHLBGXX:2:11308:2055:17057,Supercontig_1.6,485889,Supercontig_1.7,779421
A22.UpperP,NS500350:127:H7FHLBGXX:2:12305:19601:12480,Supercontig_1.6,485889,Supercontig_1.5,157
A22.UpperP,NS500350:127:H7FHLBGXX:2:13201:10490:11586,Supercontig_1.6,485889,Supercontig_1.7,112
A22.UpperP,NS500350:127:H7FHLBGXX:2:13204:16855:5049,Supercontig_1.6,485889,Supercontig_1.4,1787431
A22.UpperP,NS500350:127:H7FHLBGXX:2:21102:20153:5721,Supercontig_1.6,485889,Supercontig_1.5,207
A22.UpperP,NS500350:127:H7FHLBGXX:2:21103:9240:6335,Supercontig_1.6,485889,Supercontig_1.7,779624
A22.UpperP,NS500350:127:H7FHLBGXX:2:22102:11797:6590,Supercontig_1.6,485889,Supercontig_1.3,1873900
A22.UpperP,NS500350:127:H7FHLBGXX:2:23303:11079:16518,Supercontig_1.6,485889,Supercontig_1.7,779799
A22.UpperP,NS500350:127:H7FHLBGXX:3:11609:26284:1451,Supercontig_1.6,485889,Supercontig_1.7,351
A22.UpperP,NS500350:127:H7FHLBGXX:3:12507:17688:16009,Supercontig_1.6,485889,Supercontig_1.3,1873933
A22.UpperP,NS500350:127:H7FHLBGXX:3:21512:5927:1514,Supercontig_1.6,485889,Supercontig_1.3,1873686
A22.UpperP,NS500350:127:H7FHLBGXX:3:21609:7490:15475,Supercontig_1.6,485889,Supercontig_1.7,337
A22.UpperP,NS500350:127:H7FHLBGXX:3:22408:4371:17508,Supercontig_1.6,485889,Supercontig_1.7,779493
A22.UpperP,NS500350:127:H7FHLBGXX:4:13601:5652:6772,Supercontig_1.6,485889,Supercontig_1.7,779799
A22.UpperP,NS500350:127:H7FHLBGXX:4:21603:15831:4259,Supercontig_1.6,485889,Supercontig_1.5,367
A21.S8A,NS500350:127:H7FHLBGXX:3:11408:8948:6692,Supercontig_1.6,485888,Supercontig_1.7,328
A21.S8A,NS500350:127:H7FHLBGXX:1:11202:18032:6826,Supercontig_1.6,485889,Supercontig_1.7,779799
A21.S8A,NS500350:127:H7FHLBGXX:1:11204:8902:17925,Supercontig_1.6,485889,Supercontig_1.7,779568
A21.S8A,NS500350:127:H7FHLBGXX:1:11212:8773:18430,Supercontig_1.6,485889,Supercontig_1.7,779714
A21.S8A,NS500350:127:H7FHLBGXX:1:11308:19046:11685,Supercontig_1.6,485889,Supercontig_1.5,318
A21.S8A,NS500350:127:H7FHLBGXX:1:12301:9977:3182,Supercontig_1.6,485889,Supercontig_1.3,1873942
A21.S8A,NS500350:127:H7FHLBGXX:2:12101:20259:7011,Supercontig_1.6,485889,Supercontig_1.5,351
A21.S8A,NS500350:127:H7FHLBGXX:2:12103:24691:5807,Supercontig_1.6,485889,Supercontig_1.4,1787730
A21.S8A,NS500350:127:H7FHLBGXX:2:12109:21501:8239,Supercontig_1.6,485889,Supercontig_1.7,779491
A21.S8A,NS500350:127:H7FHLBGXX:2:12207:21082:16742,Supercontig_1.6,485889,Supercontig_1.5,175
A21.S8A,NS500350:127:H7FHLBGXX:2:12209:3889:9315,Supercontig_1.6,485889,Supercontig_1.7,330
A21.S8A,NS500350:127:H7FHLBGXX:2:13112:4467:13028,Supercontig_1.6,485889,Supercontig_1.5,248
A21.S8A,NS500350:127:H7FHLBGXX:2:13211:16597:19096,Supercontig_1.6,485889,Supercontig_1.7,162
A21.S8A,NS500350:127:H7FHLBGXX:2:21308:21412:18726,Supercontig_1.6,485889,Supercontig_1.7,80
A21.S8A,NS500350:127:H7FHLBGXX:2:22306:11037:5118,Supercontig_1.6,485889,Supercontig_1.4,1787286
A21.S8A,NS500350:127:H7FHLBGXX:2:22307:6638:10799,Supercontig_1.6,485889,Supercontig_1.4,1787452
A21.S8A,NS500350:127:H7FHLBGXX:2:23206:5832:16799,Supercontig_1.6,485889,Supercontig_1.7,529
A21.S8A,NS500350:127:H7FHLBGXX:3:11406:16967:14787,Supercontig_1.6,485889,Supercontig_1.7,779799
A21.S8A,NS500350:127:H7FHLBGXX:3:11408:8948:6692,Supercontig_1.6,485889,Supercontig_1.3,1873646
A21.S8A,NS500350:127:H7FHLBGXX:3:12504:17941:1808,Supercontig_1.6,485889,Supercontig_1.5,273
A21.S8A,NS500350:127:H7FHLBGXX:3:13511:16684:17436,Supercontig_1.6,485889,Supercontig_1.2,470
A21.S8A,NS500350:127:H7FHLBGXX:3:21408:16085:4253,Supercontig_1.6,485889,Supercontig_1.4,1787737
A21.S8A,NS500350:127:H7FHLBGXX:3:21411:15249:5143,Supercontig_1.6,485889,Supercontig_1.5,430
A21.S8A,NS500350:127:H7FHLBGXX:3:22403:19790:13930,Supercontig_1.6,485889,Supercontig_1.5,188
A21.S8A,NS500350:127:H7FHLBGXX:3:23606:22062:4276,Supercontig_1.6,485889,Supercontig_1.3,1873900
A21.S8A,NS500350:127:H7FHLBGXX:4:13507:20989:1162,Supercontig_1.6,485889,Supercontig_1.4,1787286
A21.S8A,NS500350:127:H7FHLBGXX:4:21603:16357:6170,Supercontig_1.6,485889,Supercontig_1.3,1873672
A21.S8A,NS500350:127:H7FHLBGXX:4:21611:23914:17984,Supercontig_1.6,485889,Supercontig_1.7,779612
A21.S8A,NS500350:127:H7FHLBGXX:4:22507:22032:3896,Supercontig_1.6,485889,Supercontig_1.5,430
A21.S8A,NS500350:127:H7FHLBGXX:4:23505:7999:15732,Supercontig_1.6,485889,Supercontig_1.5,401
A21.S8A,NS500350:127:H7FHLBGXX:1:11108:23995:7975,Supercontig_1.6,485890,Supercontig_1.2,502
B29.13MM,NS500537:44:HWF7VBGXX:4:13608:20806:15570,Supercontig_1.6,485570,Supercontig_1.3,7867
C14.9U3,NS500537:44:HWF7VBGXX:3:13605:5611:9187,Supercontig_1.6,485242,Supercontig_1.4,141888
A23.LowerP,NS500350:127:H7FHLBGXX:1:11211:5590:3469,Supercontig_1.6,485889,Supercontig_1.3,1873855
A23.LowerP,NS500350:127:H7FHLBGXX:1:11211:9645:18601,Supercontig_1.6,485889,Supercontig_1.5,367
A23.LowerP,NS500350:127:H7FHLBGXX:1:13205:8420:16136,Supercontig_1.6,485889,Supercontig_1.5,434
A23.LowerP,NS500350:127:H7FHLBGXX:1:13212:4330:17703,Supercontig_1.6,485889,Supercontig_1.5,354
A23.LowerP,NS500350:127:H7FHLBGXX:1:13304:24681:8494,Supercontig_1.6,485889,Supercontig_1.7,161
A23.LowerP,NS500350:127:H7FHLBGXX:1:13309:25180:8170,Supercontig_1.6,485889,Supercontig_1.5,479
A23.LowerP,NS500350:127:H7FHLBGXX:1:13311:3893:16251,Supercontig_1.6,485889,Supercontig_1.5,444
A23.LowerP,NS500350:127:H7FHLBGXX:1:21305:11709:1272,Supercontig_1.6,485889,Supercontig_1.5,460
A23.LowerP,NS500350:127:H7FHLBGXX:1:22104:10755:11302,Supercontig_1.6,485889,Supercontig_1.7,779462
A23.LowerP,NS500350:127:H7FHLBGXX:1:22104:1426:6888,Supercontig_1.6,485889,Supercontig_1.3,1873933
A23.LowerP,NS500350:127:H7FHLBGXX:1:23105:15383:10412,Supercontig_1.6,485889,Supercontig_1.7,779714
A23.LowerP,NS500350:127:H7FHLBGXX:2:11303:19847:5334,Supercontig_1.6,485889,Supercontig_1.4,1787649
A23.LowerP,NS500350:127:H7FHLBGXX:2:11311:2241:6968,Supercontig_1.6,485889,Supercontig_1.7,53
A23.LowerP,NS500350:127:H7FHLBGXX:2:12204:5891:19442,Supercontig_1.6,485889,Supercontig_1.7,331
A23.LowerP,NS500350:127:H7FHLBGXX:2:12306:7540:13095,Supercontig_1.6,485889,Supercontig_1.7,779631
A23.LowerP,NS500350:127:H7FHLBGXX:2:13110:13707:13331,Supercontig_1.6,485889,Supercontig_1.7,779799
A23.LowerP,NS500350:127:H7FHLBGXX:2:13205:15957:17291,Supercontig_1.6,485889,Supercontig_1.5,428
A23.LowerP,NS500350:127:H7FHLBGXX:2:13303:12683:12665,Supercontig_1.6,485889,Supercontig_1.4,1787303
A23.LowerP,NS500350:127:H7FHLBGXX:2:21104:10929:10070,Supercontig_1.6,485889,Supercontig_1.5,291
A23.LowerP,NS500350:127:H7FHLBGXX:2:21212:10316:9016,Supercontig_1.6,485889,Supercontig_1.4,1787320
A23.LowerP,NS500350:127:H7FHLBGXX:2:22112:26182:17923,Supercontig_1.6,485889,Supercontig_1.4,1787809
A23.LowerP,NS500350:127:H7FHLBGXX:2:23203:7412:2795,Supercontig_1.6,485889,Supercontig_1.3,1873876
A23.LowerP,NS500350:127:H7FHLBGXX:3:11506:17102:10870,Supercontig_1.6,485889,Supercontig_1.7,336
A23.LowerP,NS500350:127:H7FHLBGXX:3:11604:6989:9711,Supercontig_1.6,485889,Supercontig_1.5,285
A23.LowerP,NS500350:127:H7FHLBGXX:3:11611:7004:18835,Supercontig_1.6,485889,Supercontig_1.7,779475
A23.LowerP,NS500350:127:H7FHLBGXX:3:12402:15875:16087,Supercontig_1.6,485889,Supercontig_1.3,1873984
A23.LowerP,NS500350:127:H7FHLBGXX:3:12409:24296:13496,Supercontig_1.6,485889,Supercontig_1.4,1787651
A23.LowerP,NS500350:127:H7FHLBGXX:3:12510:18122:1793,Supercontig_1.6,485889,Supercontig_1.5,336
A23.LowerP,NS500350:127:H7FHLBGXX:3:13409:24531:9269,Supercontig_1.6,485889,Supercontig_1.7,159
A23.LowerP,NS500350:127:H7FHLBGXX:3:13504:20750:9855,Supercontig_1.6,485889,Supercontig_1.4,1787441
A23.LowerP,NS500350:127:H7FHLBGXX:3:13604:8796:7308,Supercontig_1.6,485889,Supercontig_1.3,1873970
A23.LowerP,NS500350:127:H7FHLBGXX:3:22403:9824:10904,Supercontig_1.6,485889,Supercontig_1.7,779799
A23.LowerP,NS500350:127:H7FHLBGXX:3:22607:13378:18349,Supercontig_1.6,485889,Supercontig_1.5,136
A23.LowerP,NS500350:127:H7FHLBGXX:3:23403:9321:9608,Supercontig_1.6,485889,Supercontig_1.3,1873629
A23.LowerP,NS500350:127:H7FHLBGXX:3:23405:9558:18615,Supercontig_1.6,485889,Supercontig_1.3,1873646
A23.LowerP,NS500350:127:H7FHLBGXX:4:22401:2630:5868,Supercontig_1.6,485889,Supercontig_1.5,157
A23.LowerP,NS500350:127:H7FHLBGXX:4:23402:12086:2569,Supercontig_1.6,485889,Supercontig_1.4,1787341
A23.LowerP,NS500350:127:H7FHLBGXX:4:23504:3502:11596,Supercontig_1.6,485889,Supercontig_1.5,441
A23.LowerP,NS500350:127:H7FHLBGXX:4:23509:9138:15907,Supercontig_1.6,485889,Supercontig_1.5,441
A23.LowerP,NS500350:127:H7FHLBGXX:2:13311:12820:17273,Supercontig_1.6,485890,Supercontig_1.4,1787738
A23.LowerP,NS500350:127:H7FHLBGXX:3:22502:17215:3800,Supercontig_1.6,485890,Supercontig_1.5,434
C8.9M1,NS500537:44:HWF7VBGXX:2:21101:14248:1678,Supercontig_1.6,486443,Supercontig_1.3,1484154
C12.9U1,NS500537:44:HWF7VBGXX:4:13410:15165:16583,Supercontig_1.6,486737,Supercontig_1.4,674721
A8.U2E,NS500350:127:H7FHLBGXX:1:13110:10653:17154,Supercontig_1.6,485889,Supercontig_1.4,1787344
A8.U2E,NS500350:127:H7FHLBGXX:1:23104:16306:10825,Supercontig_1.6,485889,Supercontig_1.7,338
A8.U2E,NS500350:127:H7FHLBGXX:1:11109:21835:4822,Supercontig_1.6,485889,Supercontig_1.3,1873795
A8.U2E,NS500350:127:H7FHLBGXX:1:11212:8477:6322,Supercontig_1.6,485889,Supercontig_1.4,1787750
A8.U2E,NS500350:127:H7FHLBGXX:1:11312:20379:4179,Supercontig_1.6,485889,Supercontig_1.7,779442
A8.U2E,NS500350:127:H7FHLBGXX:1:12304:25224:20398,Supercontig_1.6,485889,Supercontig_1.3,1873896
A8.U2E,NS500350:127:H7FHLBGXX:1:12306:4689:15587,Supercontig_1.6,485889,Supercontig_1.3,1873777
A8.U2E,NS500350:127:H7FHLBGXX:1:13109:20992:14514,Supercontig_1.6,485889,Supercontig_1.5,295
A8.U2E,NS500350:127:H7FHLBGXX:1:21209:16894:8420,Supercontig_1.6,485889,Supercontig_1.7,779535
A8.U2E,NS500350:127:H7FHLBGXX:1:22101:4478:9710,Supercontig_1.6,485889,Supercontig_1.3,1873941
A8.U2E,NS500350:127:H7FHLBGXX:1:22112:16438:4864,Supercontig_1.6,485889,Supercontig_1.5,399
A8.U2E,NS500350:127:H7FHLBGXX:1:23103:3505:15776,Supercontig_1.6,485889,Supercontig_1.7,75
A8.U2E,NS500350:127:H7FHLBGXX:1:23104:16306:10825,Supercontig_1.6,485889,Supercontig_1.5,435
A8.U2E,NS500350:127:H7FHLBGXX:1:23110:3481:15388,Supercontig_1.6,485889,Supercontig_1.3,1873914
A8.U2E,NS500350:127:H7FHLBGXX:1:23203:16388:10780,Supercontig_1.6,485889,Supercontig_1.7,59
A8.U2E,NS500350:127:H7FHLBGXX:1:23209:9335:12132,Supercontig_1.6,485889,Supercontig_1.5,397
A8.U2E,NS500350:127:H7FHLBGXX:1:23310:8955:4041,Supercontig_1.6,485889,Supercontig_1.7,779799
A8.U2E,NS500350:127:H7FHLBGXX:2:11106:19090:10172,Supercontig_1.6,485889,Supercontig_1.2,319
A8.U2E,NS500350:127:H7FHLBGXX:2:11209:3163:4041,Supercontig_1.6,485889,Supercontig_1.4,1787460
A8.U2E,NS500350:127:H7FHLBGXX:2:11307:19757:12089,Supercontig_1.6,485889,Supercontig_1.7,50
A8.U2E,NS500350:127:H7FHLBGXX:2:12207:20540:5674,Supercontig_1.6,485889,Supercontig_1.3,1873777
A8.U2E,NS500350:127:H7FHLBGXX:2:12309:26136:12645,Supercontig_1.6,485889,Supercontig_1.5,481
A8.U2E,NS500350:127:H7FHLBGXX:2:13109:9075:10796,Supercontig_1.6,485889,Supercontig_1.7,779556
A8.U2E,NS500350:127:H7FHLBGXX:2:13110:5802:8442,Supercontig_1.6,485889,Supercontig_1.7,542
A8.U2E,NS500350:127:H7FHLBGXX:2:13301:13104:11569,Supercontig_1.6,485889,Supercontig_1.5,165
A8.U2E,NS500350:127:H7FHLBGXX:2:13306:17838:8336,Supercontig_1.6,485889,Supercontig_1.3,1873617
A8.U2E,NS500350:127:H7FHLBGXX:2:21206:14498:12051,Supercontig_1.6,485889,Supercontig_1.4,1787433
A8.U2E,NS500350:127:H7FHLBGXX:2:22304:24177:14891,Supercontig_1.6,485889,Supercontig_1.4,1787297
A8.U2E,NS500350:127:H7FHLBGXX:2:23102:15058:3809,Supercontig_1.6,485889,Supercontig_1.5,330
A8.U2E,NS500350:127:H7FHLBGXX:2:23302:26281:4802,Supercontig_1.6,485889,Supercontig_1.7,330
A8.U2E,NS500350:127:H7FHLBGXX:3:11505:25851:12917,Supercontig_1.6,485889,Supercontig_1.5,124
A8.U2E,NS500350:127:H7FHLBGXX:3:11605:9695:17760,Supercontig_1.6,485889,Supercontig_1.4,1787731
A8.U2E,NS500350:127:H7FHLBGXX:3:11608:12995:7638,Supercontig_1.6,485889,Supercontig_1.3,1873846
A8.U2E,NS500350:127:H7FHLBGXX:3:11608:19158:2349,Supercontig_1.6,485889,Supercontig_1.7,341
A8.U2E,NS500350:127:H7FHLBGXX:3:12410:12596:12114,Supercontig_1.6,485889,Supercontig_1.7,779624
A8.U2E,NS500350:127:H7FHLBGXX:3:12511:23777:15176,Supercontig_1.6,485889,Supercontig_1.7,332
A8.U2E,NS500350:127:H7FHLBGXX:3:12604:23505:1721,Supercontig_1.6,485889,Supercontig_1.5,223
A8.U2E,NS500350:127:H7FHLBGXX:3:13411:22664:2379,Supercontig_1.6,485889,Supercontig_1.3,1873646
A8.U2E,NS500350:127:H7FHLBGXX:3:21505:19937:12483,Supercontig_1.6,485889,Supercontig_1.3,1873690
A8.U2E,NS500350:127:H7FHLBGXX:3:21506:6191:13308,Supercontig_1.6,485889,Supercontig_1.7,779687
A8.U2E,NS500350:127:H7FHLBGXX:3:21508:15223:8746,Supercontig_1.6,485889,Supercontig_1.7,140
A8.U2E,NS500350:127:H7FHLBGXX:3:22507:4446:15300,Supercontig_1.6,485889,Supercontig_1.7,779799
A8.U2E,NS500350:127:H7FHLBGXX:3:22612:23751:5222,Supercontig_1.6,485889,Supercontig_1.4,1787750
A8.U2E,NS500350:127:H7FHLBGXX:4:13407:6351:15687,Supercontig_1.6,485889,Supercontig_1.5,166
A8.U2E,NS500350:127:H7FHLBGXX:4:21508:24214:6392,Supercontig_1.6,485889,Supercontig_1.5,391
A8.U2E,NS500350:127:H7FHLBGXX:4:21611:16522:16858,Supercontig_1.6,485889,Supercontig_1.7,167
A8.U2E,NS500350:127:H7FHLBGXX:4:22501:19379:3323,Supercontig_1.6,485889,Supercontig_1.5,431
A8.U2E,NS500350:127:H7FHLBGXX:4:23409:15689:4406,Supercontig_1.6,485889,Supercontig_1.7,779799
A8.U2E,NS500350:127:H7FHLBGXX:4:23609:21080:6210,Supercontig_1.6,485889,Supercontig_1.7,779504
A8.U2E,NS500350:127:H7FHLBGXX:3:12612:7772:3486,Supercontig_1.6,485894,Supercontig_1.5,214
A8.U2E,NS500350:127:H7FHLBGXX:3:22510:4525:19271,Supercontig_1.6,485894,Supercontig_1.5,184
A8.U2E,NS500350:127:H7FHLBGXX:1:13110:10653:17154,Supercontig_1.6,485906,Supercontig_1.7,358
A18.S4H,NS500350:127:H7FHLBGXX:1:23308:26397:13984,Supercontig_1.6,485889,Supercontig_1.5,439
A18.S4H,NS500350:127:H7FHLBGXX:1:11207:8094:7167,Supercontig_1.6,485889,Supercontig_1.7,779467
A18.S4H,NS500350:127:H7FHLBGXX:1:11303:24258:8017,Supercontig_1.6,485889,Supercontig_1.5,370
A18.S4H,NS500350:127:H7FHLBGXX:1:11310:11018:9639,Supercontig_1.6,485889,Supercontig_1.7,91
A18.S4H,NS500350:127:H7FHLBGXX:1:12202:19027:11520,Supercontig_1.6,485889,Supercontig_1.5,343
A18.S4H,NS500350:127:H7FHLBGXX:1:12302:13262:9997,Supercontig_1.6,485889,Supercontig_1.7,779485
A18.S4H,NS500350:127:H7FHLBGXX:1:12304:20691:11810,Supercontig_1.6,485889,Supercontig_1.5,253
A18.S4H,NS500350:127:H7FHLBGXX:1:13104:2297:9933,Supercontig_1.6,485889,Supercontig_1.3,1873930
A18.S4H,NS500350:127:H7FHLBGXX:1:13112:4604:3730,Supercontig_1.6,485889,Supercontig_1.7,779544
A18.S4H,NS500350:127:H7FHLBGXX:1:13304:2452:9004,Supercontig_1.6,485889,Supercontig_1.7,779519
A18.S4H,NS500350:127:H7FHLBGXX:1:23308:26397:13984,Supercontig_1.6,485889,Supercontig_1.7,342
A18.S4H,NS500350:127:H7FHLBGXX:2:11106:25899:7184,Supercontig_1.6,485889,Supercontig_1.5,50
A18.S4H,NS500350:127:H7FHLBGXX:2:12301:5255:17022,Supercontig_1.6,485889,Supercontig_1.3,1873849
A18.S4H,NS500350:127:H7FHLBGXX:2:13104:20968:13321,Supercontig_1.6,485889,Supercontig_1.5,277
A18.S4H,NS500350:127:H7FHLBGXX:2:13203:21024:6964,Supercontig_1.6,485889,Supercontig_1.5,433
A18.S4H,NS500350:127:H7FHLBGXX:2:22201:2316:9827,Supercontig_1.6,485889,Supercontig_1.7,330
A18.S4H,NS500350:127:H7FHLBGXX:2:23212:12162:4037,Supercontig_1.6,485889,Supercontig_1.3,1873858
A18.S4H,NS500350:127:H7FHLBGXX:3:11502:17230:11929,Supercontig_1.6,485889,Supercontig_1.5,430
A18.S4H,NS500350:127:H7FHLBGXX:3:12510:22460:14532,Supercontig_1.6,485889,Supercontig_1.5,343
A18.S4H,NS500350:127:H7FHLBGXX:3:13406:8830:4020,Supercontig_1.6,485889,Supercontig_1.4,1787286
A18.S4H,NS500350:127:H7FHLBGXX:3:13410:22261:8415,Supercontig_1.6,485889,Supercontig_1.4,1787731
A18.S4H,NS500350:127:H7FHLBGXX:3:13501:3026:8340,Supercontig_1.6,485889,Supercontig_1.7,779605
A18.S4H,NS500350:127:H7FHLBGXX:3:13606:20865:7712,Supercontig_1.6,485889,Supercontig_1.5,433
A18.S4H,NS500350:127:H7FHLBGXX:3:13612:19924:15981,Supercontig_1.6,485889,Supercontig_1.7,89
A18.S4H,NS500350:127:H7FHLBGXX:3:22606:14299:6478,Supercontig_1.6,485889,Supercontig_1.7,779554
A18.S4H,NS500350:127:H7FHLBGXX:4:11410:8874:11353,Supercontig_1.6,485889,Supercontig_1.4,1787286
A18.S4H,NS500350:127:H7FHLBGXX:4:11601:20546:5988,Supercontig_1.6,485889,Supercontig_1.5,221
A18.S4H,NS500350:127:H7FHLBGXX:4:23403:14636:18074,Supercontig_1.6,485889,Supercontig_1.7,779747
A18.S4H,NS500350:127:H7FHLBGXX:4:23410:9150:3762,Supercontig_1.6,485889,Supercontig_1.7,106
A18.S4H,NS500350:127:H7FHLBGXX:4:23611:5997:18448,Supercontig_1.6,485889,Supercontig_1.5,324
A12.L10B,NS500350:127:H7FHLBGXX:2:11101:25176:10918,Supercontig_1.6,486704,Supercontig_1.3,1460
ctl2.AL1B,NS500537:44:HWF7VBGXX:3:12408:12593:3112,Supercontig_1.6,485190,Supercontig_1.8,38196
C30.13LM,NS500537:44:HWF7VBGXX:3:12506:16038:17413,Supercontig_1.6,485431,Supercontig_1.6,718550
C30.13LM,NS500537:44:HWF7VBGXX:4:21411:26494:18590,Supercontig_1.6,485431,Supercontig_1.6,718673
C30.13LM,NS500537:44:HWF7VBGXX:4:21412:1138:18575,Supercontig_1.6,485431,Supercontig_1.6,718673
C30.13LM,NS500537:44:HWF7VBGXX:4:23503:14671:7886,Supercontig_1.6,485431,Supercontig_1.6,718500
A5.U10D,NS500350:127:H7FHLBGXX:1:11112:11261:6877,Supercontig_1.6,485889,Supercontig_1.7,360
A5.U10D,NS500350:127:H7FHLBGXX:1:11306:6940:4293,Supercontig_1.6,485889,Supercontig_1.7,352
A5.U10D,NS500350:127:H7FHLBGXX:1:11112:11261:6877,Supercontig_1.6,485889,Supercontig_1.5,457
A5.U10D,NS500350:127:H7FHLBGXX:1:11211:16802:1071,Supercontig_1.6,485889,Supercontig_1.7,130
A5.U10D,NS500350:127:H7FHLBGXX:1:11306:6940:4293,Supercontig_1.6,485889,Supercontig_1.7,352
A5.U10D,NS500350:127:H7FHLBGXX:1:21302:6165:16636,Supercontig_1.6,485889,Supercontig_1.7,450
A5.U10D,NS500350:127:H7FHLBGXX:1:21309:21785:1053,Supercontig_1.6,485889,Supercontig_1.3,1873998
A5.U10D,NS500350:127:H7FHLBGXX:1:22204:21963:15822,Supercontig_1.6,485889,Supercontig_1.7,779576
A5.U10D,NS500350:127:H7FHLBGXX:1:22306:25110:13834,Supercontig_1.6,485889,Supercontig_1.5,192
A5.U10D,NS500350:127:H7FHLBGXX:1:23104:23524:4353,Supercontig_1.6,485889,Supercontig_1.3,1873828
A5.U10D,NS500350:127:H7FHLBGXX:2:11204:24195:6366,Supercontig_1.6,485889,Supercontig_1.3,1873963
A5.U10D,NS500350:127:H7FHLBGXX:2:11310:18267:12373,Supercontig_1.6,485889,Supercontig_1.5,376
A5.U10D,NS500350:127:H7FHLBGXX:2:13201:20104:3473,Supercontig_1.6,485889,Supercontig_1.7,361
A5.U10D,NS500350:127:H7FHLBGXX:2:13202:1649:1258,Supercontig_1.6,485889,Supercontig_1.5,375
A5.U10D,NS500350:127:H7FHLBGXX:2:13208:11228:9013,Supercontig_1.6,485889,Supercontig_1.2,503
A5.U10D,NS500350:127:H7FHLBGXX:2:21109:7484:4330,Supercontig_1.6,485889,Supercontig_1.5,170
A5.U10D,NS500350:127:H7FHLBGXX:2:21205:22265:8412,Supercontig_1.6,485889,Supercontig_1.3,1873865
A5.U10D,NS500350:127:H7FHLBGXX:2:21210:4438:13811,Supercontig_1.6,485889,Supercontig_1.7,779496
A5.U10D,NS500350:127:H7FHLBGXX:2:23101:21224:17222,Supercontig_1.6,485889,Supercontig_1.4,1787536
A5.U10D,NS500350:127:H7FHLBGXX:3:11505:21139:11296,Supercontig_1.6,485889,Supercontig_1.7,344
A5.U10D,NS500350:127:H7FHLBGXX:3:11507:19736:15445,Supercontig_1.6,485889,Supercontig_1.5,285
A5.U10D,NS500350:127:H7FHLBGXX:3:21403:11174:17869,Supercontig_1.6,485889,Supercontig_1.2,498
A5.U10D,NS500350:127:H7FHLBGXX:3:21507:15418:7888,Supercontig_1.6,485889,Supercontig_1.7,67
A5.U10D,NS500350:127:H7FHLBGXX:3:23604:18214:15562,Supercontig_1.6,485889,Supercontig_1.4,1787432
A5.U10D,NS500350:127:H7FHLBGXX:3:23606:2111:2022,Supercontig_1.6,485889,Supercontig_1.7,538
A5.U10D,NS500350:127:H7FHLBGXX:4:22409:1733:4355,Supercontig_1.6,485889,Supercontig_1.7,779493
A5.U10D,NS500350:127:H7FHLBGXX:4:22507:10081:11476,Supercontig_1.6,485889,Supercontig_1.3,1873794
A5.U10D,NS500350:127:H7FHLBGXX:4:22601:19497:4410,Supercontig_1.6,485889,Supercontig_1.5,392
A20.S1E,NS500350:127:H7FHLBGXX:4:22510:19700:11807,Supercontig_1.6,485889,Supercontig_1.5,435
A20.S1E,NS500350:127:H7FHLBGXX:1:11212:2772:8006,Supercontig_1.6,485889,Supercontig_1.3,1873777
A20.S1E,NS500350:127:H7FHLBGXX:1:12108:8642:1932,Supercontig_1.6,485889,Supercontig_1.7,144
A20.S1E,NS500350:127:H7FHLBGXX:1:12211:4651:5020,Supercontig_1.6,485889,Supercontig_1.4,1787460
A20.S1E,NS500350:127:H7FHLBGXX:1:13303:12049:18921,Supercontig_1.6,485889,Supercontig_1.3,1873901
A20.S1E,NS500350:127:H7FHLBGXX:1:21202:16503:14424,Supercontig_1.6,485889,Supercontig_1.5,280
A20.S1E,NS500350:127:H7FHLBGXX:1:23310:12447:12715,Supercontig_1.6,485889,Supercontig_1.4,1787496
A20.S1E,NS500350:127:H7FHLBGXX:2:11106:3754:14899,Supercontig_1.6,485889,Supercontig_1.7,779624
A20.S1E,NS500350:127:H7FHLBGXX:2:11111:3916:10684,Supercontig_1.6,485889,Supercontig_1.7,779799
A20.S1E,NS500350:127:H7FHLBGXX:2:11208:1540:6628,Supercontig_1.6,485889,Supercontig_1.4,1787731
A20.S1E,NS500350:127:H7FHLBGXX:2:11211:14864:8917,Supercontig_1.6,485889,Supercontig_1.3,1873857
A20.S1E,NS500350:127:H7FHLBGXX:2:12206:19429:10879,Supercontig_1.6,485889,Supercontig_1.5,432
A20.S1E,NS500350:127:H7FHLBGXX:2:12306:17117:3443,Supercontig_1.6,485889,Supercontig_1.7,348
A20.S1E,NS500350:127:H7FHLBGXX:2:13208:21887:7548,Supercontig_1.6,485889,Supercontig_1.7,779496
A20.S1E,NS500350:127:H7FHLBGXX:2:21108:6614:9866,Supercontig_1.6,485889,Supercontig_1.7,779799
A20.S1E,NS500350:127:H7FHLBGXX:2:22211:22403:9744,Supercontig_1.6,485889,Supercontig_1.3,1873855
A20.S1E,NS500350:127:H7FHLBGXX:2:22310:9278:10717,Supercontig_1.6,485889,Supercontig_1.7,159
A20.S1E,NS500350:127:H7FHLBGXX:2:23311:25363:15663,Supercontig_1.6,485889,Supercontig_1.7,99
A20.S1E,NS500350:127:H7FHLBGXX:2:23312:22952:16284,Supercontig_1.6,485889,Supercontig_1.4,1787432
A20.S1E,NS500350:127:H7FHLBGXX:3:11504:21208:5388,Supercontig_1.6,485889,Supercontig_1.3,1873686
A20.S1E,NS500350:127:H7FHLBGXX:3:13402:4595:15104,Supercontig_1.6,485889,Supercontig_1.7,779799
A20.S1E,NS500350:127:H7FHLBGXX:3:13607:12917:4690,Supercontig_1.6,485889,Supercontig_1.7,779589
A20.S1E,NS500350:127:H7FHLBGXX:3:13610:20678:10752,Supercontig_1.6,485889,Supercontig_1.3,1873974
A20.S1E,NS500350:127:H7FHLBGXX:3:21404:17877:12670,Supercontig_1.6,485889,Supercontig_1.7,130
A20.S1E,NS500350:127:H7FHLBGXX:3:21407:5835:11910,Supercontig_1.6,485889,Supercontig_1.3,1873872
A20.S1E,NS500350:127:H7FHLBGXX:3:22404:21882:18621,Supercontig_1.6,485889,Supercontig_1.7,779442
A20.S1E,NS500350:127:H7FHLBGXX:3:22603:24978:2904,Supercontig_1.6,485889,Supercontig_1.7,348
A20.S1E,NS500350:127:H7FHLBGXX:3:22612:18965:6113,Supercontig_1.6,485889,Supercontig_1.3,1873646
A20.S1E,NS500350:127:H7FHLBGXX:3:23507:3757:2407,Supercontig_1.6,485889,Supercontig_1.7,779439
A20.S1E,NS500350:127:H7FHLBGXX:3:23507:6043:11717,Supercontig_1.6,485889,Supercontig_1.7,779799
A20.S1E,NS500350:127:H7FHLBGXX:4:11608:21185:18495,Supercontig_1.6,485889,Supercontig_1.5,172
A20.S1E,NS500350:127:H7FHLBGXX:4:12401:11897:17754,Supercontig_1.6,485889,Supercontig_1.5,288
A20.S1E,NS500350:127:H7FHLBGXX:4:13504:12531:11118,Supercontig_1.6,485889,Supercontig_1.4,1787306
A20.S1E,NS500350:127:H7FHLBGXX:4:21410:5600:8218,Supercontig_1.6,485889,Supercontig_1.4,1787299
A20.S1E,NS500350:127:H7FHLBGXX:4:21504:17182:4360,Supercontig_1.6,485889,Supercontig_1.5,429
A20.S1E,NS500350:127:H7FHLBGXX:4:21511:5024:14431,Supercontig_1.6,485889,Supercontig_1.3,1873777
A20.S1E,NS500350:127:H7FHLBGXX:4:21606:9038:14666,Supercontig_1.6,485889,Supercontig_1.3,1873963
A20.S1E,NS500350:127:H7FHLBGXX:4:22510:19700:11807,Supercontig_1.6,485889,Supercontig_1.7,338
A20.S1E,NS500350:127:H7FHLBGXX:4:23503:22334:14858,Supercontig_1.6,485889,Supercontig_1.4,1787797
A20.S1E,NS500350:127:H7FHLBGXX:1:12107:10246:18185,Supercontig_1.6,485890,Supercontig_1.5,205
B28.13UM,NS500537:44:HWF7VBGXX:1:12103:24112:14315,Supercontig_1.6,485431,Supercontig_1.6,718692
B28.13UM,NS500537:44:HWF7VBGXX:1:21311:10404:6546,Supercontig_1.6,485431,Supercontig_1.6,718498
B28.13UM,NS500537:44:HWF7VBGXX:2:22111:6659:15298,Supercontig_1.6,485431,Supercontig_1.6,718585
B28.13UM,NS500537:44:HWF7VBGXX:3:22404:6784:13417,Supercontig_1.6,485431,Supercontig_1.6,718499
B28.13UM,NS500537:44:HWF7VBGXX:3:22510:25054:1181,Supercontig_1.6,485431,Supercontig_1.6,718677
B28.13UM,NS500537:44:HWF7VBGXX:4:11602:9133:3258,Supercontig_1.6,485431,Supercontig_1.6,718510
B17.1311G,NS500537:44:HWF7VBGXX:3:22508:22096:14991,Supercontig_1.6,485687,Supercontig_1.5,54101
C7.9L4,NS500537:44:HWF7VBGXX:2:21204:4229:9798,Supercontig_1.6,485580,MT_CBS_6936,17920
A24.SputuP,NS500350:127:H7FHLBGXX:2:23111:8802:9764,Supercontig_1.6,485888,Supercontig_1.7,344
A24.SputuP,NS500350:127:H7FHLBGXX:1:11308:17949:13060,Supercontig_1.6,485889,Supercontig_1.3,1873646
A24.SputuP,NS500350:127:H7FHLBGXX:1:22201:11977:20153,Supercontig_1.6,485889,Supercontig_1.4,1787425
A24.SputuP,NS500350:127:H7FHLBGXX:1:22306:7947:6372,Supercontig_1.6,485889,Supercontig_1.7,779670
A24.SputuP,NS500350:127:H7FHLBGXX:1:22309:5561:17113,Supercontig_1.6,485889,Supercontig_1.7,779572
A24.SputuP,NS500350:127:H7FHLBGXX:1:23311:24382:14695,Supercontig_1.6,485889,Supercontig_1.5,357
A24.SputuP,NS500350:127:H7FHLBGXX:2:12105:25879:9936,Supercontig_1.6,485889,Supercontig_1.4,1787590
A24.SputuP,NS500350:127:H7FHLBGXX:2:13105:11063:10686,Supercontig_1.6,485889,Supercontig_1.5,210
A24.SputuP,NS500350:127:H7FHLBGXX:2:21111:12403:10701,Supercontig_1.6,485889,Supercontig_1.7,779582
A24.SputuP,NS500350:127:H7FHLBGXX:2:21111:23216:15019,Supercontig_1.6,485889,Supercontig_1.5,333
A24.SputuP,NS500350:127:H7FHLBGXX:2:22106:18803:13654,Supercontig_1.6,485889,Supercontig_1.7,332
A24.SputuP,NS500350:127:H7FHLBGXX:3:11608:6206:11018,Supercontig_1.6,485889,Supercontig_1.7,779568
A24.SputuP,NS500350:127:H7FHLBGXX:3:12402:14051:1357,Supercontig_1.6,485889,Supercontig_1.7,779589
A24.SputuP,NS500350:127:H7FHLBGXX:3:13501:10343:15000,Supercontig_1.6,485889,Supercontig_1.2,130
A24.SputuP,NS500350:127:H7FHLBGXX:3:22409:12191:19117,Supercontig_1.6,485889,Supercontig_1.5,441
A24.SputuP,NS500350:127:H7FHLBGXX:3:23608:10844:2888,Supercontig_1.6,485889,Supercontig_1.3,1873866
A24.SputuP,NS500350:127:H7FHLBGXX:4:11412:15436:17147,Supercontig_1.6,485889,Supercontig_1.4,1787467
A24.SputuP,NS500350:127:H7FHLBGXX:4:12608:13274:6837,Supercontig_1.6,485889,Supercontig_1.4,1787430
C31.13MP,NS500537:44:HWF7VBGXX:4:23405:12218:19182,Supercontig_1.6,485411,Supercontig_1.2,2140666
C31.13MP,NS500537:44:HWF7VBGXX:3:12412:16911:2126,Supercontig_1.6,485431,Supercontig_1.6,718753
C31.13MP,NS500537:44:HWF7VBGXX:2:22311:12810:9460,Supercontig_1.6,485431,Supercontig_1.6,718653
C31.13MP,NS500537:44:HWF7VBGXX:3:12412:16911:2126,Supercontig_1.6,485431,Supercontig_1.6,718750
C31.13MP,NS500537:44:HWF7VBGXX:3:23606:19112:14025,Supercontig_1.6,485431,Supercontig_1.6,718612
C31.13MP,NS500537:44:HWF7VBGXX:4:13401:24790:8178,Supercontig_1.6,485431,Supercontig_1.6,718411
